mol,dG_pred,std_dG_pred,dG_expt,std_dG_expt,has_expt,dG_diff
2d,-10.7572,0.1086,-13.4817,0.0000,True,2.7244534388702477
6d,-11.4330,0.0977,-9.4058,0.0000,True,2.027146656878715
7d,-16.9075,0.0946,-15.2515,0.0000,True,1.656026379367236
8d,-9.3438,0.1760,-10.6284,0.0000,True,1.2846347699682545
3d,-9.9347,0.0714,-9.1933,0.0000,True,0.7414438346830047
5d,-12.9447,0.0699,-13.2535,0.0000,True,0.30875925175872304
4d,-15.2366,0.1357,-15.3434,0.0000,True,0.10676941033173595
