mol,dG_pred,std_dG_pred,dG_expt,std_dG_expt,has_expt,dG_diff
cmpd 4 (Crotyl),-9.9177,0.1078,-8.6400,0.0000,True,1.2777365905266855
cmpd 6 (ethyl),-7.8487,0.1218,-8.5900,0.0000,True,0.7412955490397765
cmpd 2 (methyl),-8.9665,0.1062,-9.5900,0.0000,True,0.6234657585003491
cmpd 7 (n-propyl),-7.5388,0.1499,-7.0200,0.0000,True,0.5187538418382702
cmpd 8 (n-Butyl),-7.3938,0.3401,-7.6600,0.0000,True,0.26619325507918795
cmpd 9 (methoxyethyl),-7.0676,0.3385,-7.2200,0.0000,True,0.15239330381286564
cmpd 3 (Allyl),-7.0665,0.1076,-7.0900,0.0000,True,0.023494565519583406
cmpd 5 (1-Butenyl),-7.6504,0.2250,-7.6400,0.0000,True,0.010351999586792357
