mol,dG_pred,std_dG_pred,dG_expt,std_dG_expt,has_expt,dG_diff
11417 (no water pose),-9.7445,0.0588,-10.5656,0.0000,True,0.8211168881837356
7806 (no water pose),-9.4712,0.0702,-8.6515,0.0000,True,0.8197318840549932
10302 (1GJ7 no water pose),-10.8242,0.0265,-10.8224,0.0000,True,0.0017661831252189688
8696 (no water pose),-9.8018,0.0401,-9.8022,0.0000,True,0.00038117899647486457
