mol,dG_pred,std_dG_pred,dG_expt,std_dG_expt,has_expt,dG_diff
cmpd 5 (1-Butenyl),-9.0213,0.1104,-10.0000,0.0000,True,0.9787226668172191
cmpd 9 (methoxyethyl),-8.5860,0.0767,-7.6900,0.0000,True,0.8960368661524467
cmpd 6 (ethyl),-8.9323,0.0608,-8.5300,0.0000,True,0.40232378636905725
cmpd 4 (Crotyl),-8.3148,0.0592,-8.7100,0.0000,True,0.3951790428210238
cmpd 7 (n-propyl),-8.4091,0.0884,-8.1200,0.0000,True,0.2891024569483971
cmpd 3 (Allyl),-8.0952,0.0593,-8.3400,0.0000,True,0.24480834435785243
cmpd 8 (n-Butyl),-8.3244,0.0782,-8.2800,0.0000,True,0.04438180349219244
cmpd 2 (methyl),-9.8469,0.0391,-9.8600,0.0000,True,0.013134858965996532
