mol,dG_pred,std_dG_pred,dG_expt,std_dG_expt,has_expt,dG_diff
6d,-11.6211,0.2326,-9.4058,0.0000,True,2.2152281425924905
2d,-11.7862,0.1645,-13.4817,0.0000,True,1.695544483234184
8d,-8.9330,0.1665,-10.6284,0.0000,True,1.6954419136285126
4d,-14.2886,0.1633,-15.3434,0.0000,True,1.054818756880414
7d,-16.2726,0.2705,-15.2515,0.0000,True,1.0210917427371855
3d,-9.8877,0.2194,-9.1933,0.0000,True,0.6944136808080259
5d,-13.7686,0.1172,-13.2535,0.0000,True,0.5150715876054054
