mol,dG_pred,std_dG_pred,dG_expt,std_dG_expt,has_expt,dG_diff
2,-10.1106,0.0171,-10.7400,0.0000,True,0.6293909863579829
4,-9.4793,0.0176,-8.9300,0.0000,True,0.5493415505459744
1,-13.0464,0.0204,-12.7200,0.0000,True,0.3263799217215029
3,-7.8337,0.0195,-8.0800,0.0000,True,0.2463304859094944
