mol,dG_pred,std_dG_pred,dG_expt,std_dG_expt,has_expt,dG_diff
1,-10.8266,0.0358,-12.7200,0.0000,True,1.89338459516632
2,-12.2990,0.0374,-10.7400,0.0000,True,1.5589503176609287
3,-8.9611,0.0365,-8.0800,0.0000,True,0.8810857474776699
4,-8.3833,0.0237,-8.9300,0.0000,True,0.5466514699722786
