mol,dG_pred,std_dG_pred,dG_expt,std_dG_expt,has_expt,dG_diff
cmpd 5 (1-Butenyl),-8.9412,0.1369,-10.0000,0.0000,True,1.0588426451236246
cmpd 9 (methoxyethyl),-8.7349,0.0589,-7.6900,0.0000,True,1.0449179603929475
cmpd 2 (methyl),-9.4386,0.0494,-9.8600,0.0000,True,0.42136714732920594
cmpd 4 (Crotyl),-8.2986,0.1180,-8.7100,0.0000,True,0.4113945133717944
cmpd 7 (n-propyl),-8.5114,0.0981,-8.1200,0.0000,True,0.3913812790542373
cmpd 6 (ethyl),-8.7798,0.0768,-8.5300,0.0000,True,0.24976076542704836
cmpd 8 (n-Butyl),-8.4489,0.0594,-8.2800,0.0000,True,0.16893893503768784
cmpd 3 (Allyl),-8.3766,0.1160,-8.3400,0.0000,True,0.03660536591270734
