mol,dG_pred,std_dG_pred,dG_expt,std_dG_expt,has_expt,dG_diff
7806 (no water pose),-9.2659,0.0198,-8.6515,0.0000,True,0.6144299261276706
11417 (no water pose),-9.9826,0.0197,-10.5656,0.0000,True,0.5830044475357077
8696 (no water pose),-9.4966,0.0171,-9.8022,0.0000,True,0.3056019792754792
10302 (1GJ7 no water pose),-11.0966,0.0096,-10.8224,0.0000,True,0.274176500683518
